{"cameraMode":{"drawMode":0,"name":"Shaded","section":"Shading Mode"},"sceneLighting":true,"audioPlay":false,"sceneViewState":{"showFog":true,"showMaterialUpdate":true,"showSkybox":true,"showFlares":true,"showImageEffects":true,"showParticleSystems":true},"in2DMode":false,"pivot":{"x":6.523638725280762,"y":-1.0312284231185914,"z":7.913459777832031},"rotation":{"x":-0.1496312916278839,"y":-0.27259817719459536,"z":0.04295801743865013,"w":-0.9494642019271851},"size":22.0,"orthographic":false}